date,high,low,open,close,volume,quoteVolume,weightedAverage
1493654400,5000,0.034,5000,0.03625318,3712.3648198,77890.65844136,0.04766123
1493668800,0.055,0.03549999,0.03629757,0.054,3844.79452381,81620.7137348,0.04710562
1493683200,0.0771485,0.05010001,0.054,0.0695,4978.23597816,74580.73036816,0.06674962
1493697600,0.0694341,0.05,0.0694341,0.05770001,2403.35823201,42176.10857958,0.05698387
1493712000,0.06840061,0.05373789,0.05798839,0.058,2791.19216248,45496.84971663,0.06134913
1493726400,0.0639,0.05522002,0.05799952,0.0600579,1255.67141684,20784.30301458,0.06041441
1493740800,0.06855,0.05781894,0.06006993,0.06318845,1692.90349078,26284.37971986,0.0644072
1493755200,0.0678526,0.06,0.063561,0.06179381,787.50450858,12187.65675687,0.06461492
1493769600,0.06447165,0.05810001,0.06179382,0.0596409,637.30988375,10438.14031225,0.06105588
1493784000,0.062,0.0552,0.05964356,0.05799888,837.85084918,14261.99119382,0.05874711
1493798400,0.059,0.05381,0.05799888,0.05399889,527.30440264,9208.74430626,0.05726127
1493812800,0.05599888,0.05162,0.05399479,0.05497,1140.23036121,21322.51153222,0.05347542
1493827200,0.05637494,0.05265926,0.05497001,0.05350001,485.75999649,8948.29350363,0.05428521
1493841600,0.05560227,0.0501,0.0535,0.05299999,397.49783946,7580.70567343,0.05243546
1493856000,0.0546,0.05221837,0.05299999,0.05430653,306.5043565,5762.51756098,0.05318931
1493870400,0.057,0.05402092,0.05442604,0.05681632,298.92830626,5386.2131295,0.05549878
1493884800,0.05779889,0.05509453,0.05681632,0.05611155,400.76125143,7148.43561413,0.05606279
1493899200,0.057,0.0556,0.05587979,0.056,212.40338429,3766.25537942,0.05639643
1493913600,0.0560267,0.051,0.056,0.05483177,353.25290636,6538.39564417,0.05402745
1493928000,0.05899894,0.053,0.0545001,0.05699975,334.54332271,5921.99822826,0.05649162
1493942400,0.05699999,0.05311555,0.05697085,0.05350041,192.44621388,3544.54289899,0.05429366
1493956800,0.05599889,0.05,0.0535004,0.05262812,398.06531981,7575.73908059,0.05254475
1493971200,0.05459018,0.05000017,0.05262269,0.05377958,273.53844196,5198.04935364,0.05262328
1493985600,0.055715,0.0535069,0.05377982,0.054571,171.10781286,3159.2760052,0.05416045
1494000000,0.054912,0.051,0.054571,0.05271838,275.23580936,5208.82585584,0.05284027
1494014400,0.05579,0.05221,0.05239969,0.05546554,144.79488344,2644.67740132,0.05474954
1494028800,0.06,0.05527581,0.05527582,0.05887241,207.70482055,3618.81805233,0.05739576
1494043200,0.06715638,0.05836338,0.05887241,0.06248999,643.74632368,10210.71530133,0.06304615
1494057600,0.066,0.06003,0.06220618,0.06447667,385.90453067,6003.26435597,0.06428244
1494072000,0.0699,0.0633182,0.06446,0.06953,363.62666797,5518.8136397,0.06588855
1494086400,0.072,0.065,0.06952013,0.06808237,710.32986777,10336.26017643,0.06872213
1494100800,0.07326827,0.0678941,0.06808237,0.07284995,392.26959582,5524.56979666,0.07100455
1494115200,0.07373299,0.07050007,0.07284995,0.07200019,230.6353608,3185.10276204,0.07241064
1494129600,0.07295,0.07079145,0.07228243,0.07197567,152.78524088,2129.65018853,0.07174194
1494144000,0.07249325,0.06474107,0.07197597,0.0675,363.13655146,5335.67689094,0.06805819
1494158400,0.07050669,0.06678488,0.0675,0.06758047,196.28693308,2861.62231052,0.06859288
1494172800,0.07081052,0.06710004,0.06758046,0.06732685,143.46690854,2072.13694147,0.06923621
1494187200,0.069164,0.06400005,0.06780019,0.06599994,170.16129982,2540.31806002,0.06698424
1494201600,0.06603367,0.06396633,0.06599998,0.06566673,107.96228726,1649.71336372,0.06544305
1494216000,0.0666264,0.06094995,0.06560129,0.06599412,154.17066115,2414.38968834,0.06385492
1494230400,0.07111,0.06528273,0.06599414,0.0711018,228.74036905,3339.11233609,0.06850334
1494244800,0.079,0.06939672,0.0711013,0.07600038,580.84022239,7922.2301652,0.07331776
1494259200,0.0764,0.0684529,0.07600038,0.0703929,353.88570624,4799.45098478,0.07373462
1494273600,0.07154993,0.066,0.07039445,0.06771063,108.53442774,1587.88613134,0.06835151
1494288000,0.07098,0.06599665,0.06771737,0.06916316,68.34198697,1005.0437217,0.06799901
1494302400,0.0701533,0.055,0.06916316,0.05521991,192.97659314,2971.24895524,0.06494797
1494316800,0.06132573,0.05001,0.05521991,0.056,152.95184773,2769.69997707,0.05522325
1494331200,0.06329998,0.05423778,0.0554,0.05828989,168.46478204,2905.03354433,0.05799064
1494345600,0.05952038,0.05423779,0.05828989,0.05689543,44.7738497,785.88005391,0.05697287
1494360000,0.05753542,0.05451583,0.0568897,0.05691841,54.04262954,950.94723258,0.05683031
1494374400,0.05923946,0.0551068,0.0569184,0.05923946,31.87695128,551.38653469,0.05781234
1494388800,0.06419986,0.05823416,0.05927588,0.06399996,68.21324911,1105.42750953,0.06170757
1494403200,0.06527389,0.05943309,0.06339845,0.06345002,79.68744646,1273.79001916,0.06255932
1494417600,0.06478035,0.0590996,0.06345005,0.05909986,87.3026788,1433.45976176,0.06090347
1494432000,0.062,0.05906368,0.05920135,0.05906375,48.59396845,812.19513993,0.05983041
1494446400,0.06499999,0.05906375,0.05906381,0.06499999,76.65872585,1247.24937113,0.06146222
1494460800,0.065,0.06138069,0.06224046,0.06339147,41.93535619,658.91818673,0.06364273
1494475200,0.06340473,0.06182607,0.06338554,0.06182608,81.61879244,1301.20237616,0.06272567
1494489600,0.06359699,0.06182607,0.06182622,0.06237993,78.77613436,1264.921686,0.06227747
1494504000,0.06350548,0.06200001,0.06237994,0.06275794,23.11615615,368.19800892,0.06278186
1494518400,0.0631,0.06072968,0.06237993,0.06194744,44.50403293,719.68451177,0.06183825
1494532800,0.0630999,0.05558551,0.06194731,0.06070001,70.86484323,1187.33963698,0.05968371
1494547200,0.06309,0.06,0.0607,0.06237993,23.45215582,379.34682749,0.06182246
1494561600,0.066,0.06229194,0.06238004,0.06432921,52.7607615,824.69602645,0.06397601
1494576000,0.06432921,0.0626516,0.06432921,0.06265164,33.67018052,534.45278056,0.06299935
1494590400,0.06569555,0.0626516,0.06265163,0.0636,67.3325208,1055.19948049,0.06381022
1494604800,0.06427509,0.063,0.0636,0.0638766,18.68511761,293.29188952,0.06370826
1494619200,0.06449727,0.06265159,0.06387659,0.0626518,51.76281174,823.42861006,0.06286253
1494633600,0.064,0.06265159,0.06328808,0.0635,30.06619953,475.50895889,0.06322951
1494648000,0.0650227,0.0635,0.06350002,0.0641,56.291214,872.29941882,0.06453198
1494662400,0.0648999,0.06345021,0.06414996,0.06477001,29.58966895,461.82998057,0.06407048
1494676800,0.06350012,0.06345021,0.06350012,0.0634602,3.58827485,56.54403087,0.06345983
1494691200,0.0634602,0.06278233,0.0634602,0.06278233,10.45883863,165.4930672,0.06319804
1494705600,0.06350012,0.06229194,0.06278233,0.06278233,28.40536434,453.15967553,0.0626829
1494720000,0.06699999,0.06229186,0.06236126,0.06457079,71.71351063,1121.96323342,0.06391787
1494734400,0.067,0.06061401,0.06457079,0.0616786,57.62490785,917.3234553,0.06281852
1494748800,0.0638,0.06070495,0.0619428,0.06194303,26.09573741,418.59325759,0.06234151
1494763200,0.0625,0.06194299,0.06194303,0.06236124,10.36777907,166.69138363,0.06219745
1494777600,0.06323698,0.06194299,0.06236124,0.06236215,9.75575346,155.63422182,0.06268385
1494792000,0.0632061,0.06100002,0.06320607,0.06236125,11.83686276,190.14242592,0.06225261
1494806400,0.0635,0.06155498,0.06194319,0.06293179,32.62502885,519.58281372,0.06279081
1494820800,0.0638998,0.06236127,0.06293179,0.06345,33.41709775,526.91755103,0.06341997
1494835200,0.06797915,0.06345,0.06345,0.0652,123.02487701,1866.73671505,0.06590371
1494849600,0.072,0.06519,0.06519,0.0687,227.57531022,3284.23940459,0.06929315
1494864000,0.06930166,0.067,0.06883746,0.068899,56.90597209,830.01301628,0.06856033
1494878400,0.0699,0.06752793,0.06893724,0.06893725,45.49576431,663.29973857,0.06859005
1494892800,0.070809,0.06893725,0.06893725,0.070316,35.06445606,501.80783584,0.06987626
1494907200,0.0743554,0.06953693,0.07031601,0.07290656,204.7343669,2830.69770802,0.07232646
1494921600,0.07357647,0.069708,0.07290656,0.06970803,109.05784556,1534.80696489,0.07105639
1494936000,0.07089404,0.069708,0.069708,0.070146,40.79922047,582.76517732,0.0700097
1494950400,0.07027539,0.06845653,0.069708,0.06900019,38.53303056,556.2905048,0.06926782
1494964800,0.07070078,0.06865062,0.06900001,0.068707,22.82489416,327.97372869,0.06959366
1494979200,0.06964203,0.06700001,0.06865062,0.06845616,75.92401482,1121.70414258,0.06768631
1494993600,0.06994852,0.06656693,0.0684565,0.06820001,73.57923869,1086.85087757,0.06769947
1495008000,0.06897153,0.066049,0.06820001,0.06620006,17.06363105,254.78825241,0.06697181
1495022400,0.06763359,0.066049,0.06620006,0.067,24.34235,365.42539793,0.06661373
1495036800,0.06759995,0.06585,0.06605003,0.06585,38.46032214,581.54356918,0.06613489
1495051200,0.06730214,0.06518406,0.06589956,0.06730213,18.25489411,273.18996035,0.06682124
1495065600,0.07,0.06698201,0.06730214,0.06904766,39.14171563,570.63760793,0.06859294
1495080000,0.073,0.069,0.0691223,0.07241796,64.47660832,905.3616251,0.07121641
1495094400,0.075,0.07,0.07241797,0.07152755,173.50320594,2371.9517405,0.07314786
1495108800,0.07209599,0.06952506,0.0715656,0.07,40.23192197,566.2493265,0.07104983
1495123200,0.07183008,0.06954363,0.07,0.07183008,35.94405531,509.8083133,0.07050503
1495137600,0.0728207,0.07000023,0.07146539,0.07178594,32.58697043,455.35931508,0.0715632
1495152000,0.0755,0.07051647,0.07178626,0.07533124,91.27412293,1231.65424582,0.07410693
1495166400,0.078064,0.0735,0.07533124,0.07677013,100.26804651,1319.23413163,0.07600473
1495180800,0.08288888,0.07665024,0.07806346,0.082,186.01549559,2348.72840759,0.07919838
1495195200,0.096,0.07843951,0.08288888,0.08954743,390.78470499,4430.23269174,0.08820861
1495209600,0.09198882,0.0805001,0.08910195,0.09033395,163.95888419,1879.57009763,0.08723211
1495224000,0.09139411,0.073196,0.09084,0.08465731,235.44670653,2838.8938163,0.08293607
1495238400,0.08737639,0.07907214,0.08465731,0.08206258,109.71983711,1329.81296428,0.08250772
1495252800,0.08665225,0.0795119,0.08200001,0.0833595,58.39765473,699.27331088,0.08351191
1495267200,0.088,0.0815,0.08335949,0.087,59.60916092,697.11398378,0.08550848
1495281600,0.09003368,0.08381525,0.0877352,0.09003368,58.60562729,666.93230052,0.08787342
1495296000,0.092,0.08631603,0.09003368,0.08810661,75.230372,835.93577065,0.08999539
1495310400,0.08908,0.08377928,0.08810658,0.08773003,64.90982413,754.00817011,0.08608636
1495324800,0.09000001,0.08670001,0.08773004,0.08947866,37.93169405,428.93054236,0.08843318
1495339200,0.09380598,0.08841354,0.08947849,0.0938,68.11534396,745.84181063,0.09132679
1495353600,0.09754999,0.09200009,0.0938,0.09442132,142.58840648,1504.67782065,0.09476341
1495368000,0.097953,0.09271952,0.09442132,0.09771138,125.55791584,1318.41387706,0.09523406
1495382400,0.105391,0.0976645,0.09771138,0.10037525,139.83856999,1382.67380465,0.10113634
1495396800,0.1081,0.09982096,0.10037501,0.10580866,137.09714701,1312.92968687,0.10442078
1495411200,0.1058087,0.0935,0.10580866,0.09369,193.84133499,1921.41694925,0.10088457
1495425600,0.0987541,0.09261764,0.09429304,0.0983,152.54228414,1602.3812237,0.09519724
1495440000,0.11367007,0.09400008,0.0983,0.101976,403.59365037,3989.3290974,0.1011683
1495454400,0.11997777,0.10159522,0.101976,0.11328775,178.01491144,1587.28091409,0.11215085
1495468800,0.115217,0.09636216,0.11295757,0.10318591,164.25007933,1600.23956811,0.10264093
1495483200,0.11099999,0.10160006,0.10318591,0.104908,110.11704152,1026.18751389,0.10730693
1495497600,0.1051,0.0939,0.1049081,0.1012139,141.46797614,1447.79420831,0.09771276
1495512000,0.10250211,0.09600001,0.10139521,0.1014,98.19093341,978.98249863,0.10029896
1495526400,0.10251513,0.09563201,0.1015111,0.09917,146.78492834,1471.03457544,0.09978346
1495540800,0.106889,0.09549377,0.09906,0.10419581,175.38808366,1731.71756572,0.10127984
1495555200,0.10684,0.09927568,0.10419581,0.10677801,138.70504189,1343.13384598,0.1032697
1495569600,0.10706507,0.10068032,0.10689066,0.10157914,88.96257379,858.23665198,0.10365739
1495584000,0.10477625,0.0998,0.10216399,0.10312495,116.48218116,1146.45384104,0.10160215
1495598400,0.11030006,0.1013,0.10366473,0.1085835,128.64789102,1203.68749828,0.10687814
1495612800,0.12222001,0.107,0.10858344,0.119,253.3503661,2228.86139108,0.11366806
1495627200,0.11938,0.109,0.119,0.11695069,272.65534232,2403.78612965,0.11342745
1495641600,0.11938,0.11,0.11696,0.11239999,105.02769069,911.03818242,0.11528352
1495656000,0.11239999,0.10430001,0.11239999,0.10816602,109.98179234,1017.67197241,0.10807194
1495670400,0.11128127,0.10289506,0.1088955,0.10927,75.60749001,710.87746478,0.10635797
1495684800,0.11353713,0.0998,0.10927,0.10174242,237.6754955,2226.76598487,0.10673573
1495699200,0.10408185,0.10052174,0.10174307,0.10200936,74.92950784,729.88184977,0.10265977
1495713600,0.10425592,0.0961,0.10100007,0.10178604,224.60056404,2230.67941203,0.10068706
1495728000,0.10299994,0.09500008,0.10216112,0.0990659,94.77011953,961.66488555,0.09854796
1495742400,0.10124309,0.096282,0.09920011,0.096282,82.16439686,833.44253694,0.09858435
1495756800,0.09793366,0.08684606,0.096282,0.09650195,219.20702353,2338.29679471,0.09374644
1495771200,0.09969598,0.0966006,0.09740426,0.09774987,52.25683694,528.65434132,0.09884878
1495785600,0.09969597,0.09500004,0.09704458,0.0977,36.36289656,372.22066655,0.09769177
1495800000,0.09939999,0.096368,0.0977,0.09863999,59.96676185,615.44348707,0.09743666
1495814400,0.09969598,0.09200002,0.09702008,0.094,156.15667597,1626.19837035,0.0960256
1495828800,0.095128,0.089147,0.0939827,0.09170309,80.70428711,890.49697425,0.09062836
1495843200,0.09170309,0.08500003,0.09170308,0.08708,85.72599732,975.67486507,0.08786328
1495857600,0.089,0.07469574,0.08708,0.081634,91.1074484,1121.99423726,0.08120135
1495872000,0.08250906,0.07313472,0.081632,0.08250905,59.88750257,772.34652041,0.07753968
1495886400,0.10048408,0.082014,0.08250905,0.10048408,64.39279188,677.80194414,0.09500237
1495900800,0.10197876,0.097,0.10048517,0.10117512,70.75290854,706.19287299,0.10018921
1495915200,0.1015551,0.0923315,0.10000003,0.09347443,32.47854216,339.50779573,0.09566361
1495929600,0.09734355,0.0925,0.09347443,0.09734355,25.69274352,267.89939177,0.09590444
1495944000,0.0993,0.09705,0.09734355,0.09711332,80.08496081,813.82741651,0.09840533
1495958400,0.09995241,0.09711331,0.09800006,0.098114,57.41438163,586.4550388,0.09790073
1495972800,0.09811425,0.09711329,0.09760001,0.09711329,48.87303885,502.54206376,0.09725163
1495987200,0.09809999,0.09437205,0.09715,0.09450003,30.13615941,314.00736065,0.09597278
1496001600,0.0982,0.094,0.095,0.0978139,28.97037234,301.84564318,0.09597744
1496016000,0.09975603,0.09655869,0.09737118,0.09658171,27.08318377,273.84319833,0.09890033
1496030400,0.09800642,0.09603312,0.09764142,0.09767427,19.95057633,205.76827447,0.09695652
1496044800,0.09900211,0.096,0.09767428,0.09661561,26.44828012,270.56000234,0.09775384
1496059200,0.0986298,0.096,0.09661561,0.09833392,31.40826514,322.44035371,0.09740798
1496073600,0.09999999,0.09647228,0.09833389,0.09864566,34.32819445,349.57221659,0.09820058
1496088000,0.101,0.096775,0.09860001,0.09911035,24.02486403,243.59049725,0.09862808
1496102400,0.1051103,0.0979352,0.09911035,0.1051103,50.47811179,490.98444612,0.10281
1496116800,0.1084,0.10412559,0.10511873,0.1084,41.12060754,385.23248573,0.10674231
1496131200,0.1138,0.10705407,0.1084,0.10705411,110.87659048,1012.10396397,0.10955059
1496145600,0.10899924,0.10705407,0.10705411,0.10705409,74.11265052,691.313584,0.10720554
1496160000,0.11489998,0.1066957,0.10737576,0.11001101,68.61053676,624.56210713,0.10985382
1496174400,0.12,0.10892522,0.11001101,0.11907001,94.75848164,820.73452989,0.1154557
1496188800,0.1219,0.109,0.11907001,0.11869,157.61299853,1364.03602795,0.11554899
1496203200,0.11870928,0.1134016,0.11869001,0.11524722,162.19253304,1401.94151509,0.11569136
1496217600,0.11787979,0.1134016,0.11432552,0.11623136,89.96330977,779.62853702,0.11539253
1496232000,0.11823,0.1109,0.11554679,0.11111097,107.88171312,943.32033876,0.11436381
1496246400,0.11534227,0.11085,0.111,0.11125319,54.94466195,490.08487046,0.11211254
1496260800,0.11467667,0.11085,0.11125319,0.11467667,51.37155458,458.31587963,0.11208766
1496275200,0.1150014,0.11142,0.11467667,0.1121861,65.08408441,579.30607536,0.11234835
1496289600,0.1133076,0.11085,0.11218611,0.111,89.51047115,799.04141188,0.11202231
1496304000,0.11116116,0.10679,0.111,0.10680003,190.23009165,1737.978105,0.10945482
1496318400,0.10707058,0.10322355,0.1068,0.10449998,103.21652699,975.91857476,0.10576346
1496332800,0.1052479,0.1024995,0.10449998,0.10300007,31.77582622,305.58634109,0.10398313
1496347200,0.10516229,0.101,0.10300004,0.10500178,47.65810011,462.56768487,0.10302946
1496361600,0.10537657,0.10376428,0.10420012,0.10486032,38.55073224,368.64927177,0.10457292
1496376000,0.1048603,0.10250018,0.1048603,0.10300137,39.30814099,379.64686086,0.10353869
1496390400,0.10499999,0.10210397,0.10250019,0.1047122,48.56058294,468.44782546,0.10366273
1496404800,0.10558629,0.1031,0.10471216,0.1031,74.97000626,718.76498908,0.10430392
1496419200,0.10449818,0.1031,0.1031,0.1031,43.4784064,420.94729972,0.10328705
1496433600,0.10846,0.10268002,0.10310003,0.10268002,90.63422586,868.55617325,0.10435044
1496448000,0.10484243,0.10234769,0.10269028,0.10349974,33.95333667,329.71827441,0.10297681
1496462400,0.10479975,0.10237026,0.10349975,0.10404268,26.52801338,257.20275081,0.10314047
1496476800,0.10502813,0.102,0.10404268,0.10333128,88.00130556,856.43462845,0.10275309
1496491200,0.10485362,0.10191531,0.10333128,0.10191531,51.74946319,502.01973441,0.10308252
1496505600,0.10259998,0.10105344,0.10191531,0.10231124,49.54391607,487.65010233,0.10159726
1496520000,0.10414628,0.10105344,0.10147187,0.10226038,46.54178802,454.07150817,0.1024988
1496534400,0.1065024,0.10162966,0.10226042,0.1050001,52.44886075,502.99676454,0.10427275
1496548800,0.1065023,0.1039175,0.10504849,0.10401812,42.18529587,401.89013179,0.10496723
1496563200,0.10526739,0.1039175,0.10526708,0.10475887,20.08836142,192.16523426,0.10453691
1496577600,0.10585894,0.104,0.10475887,0.10533696,34.82991408,332.26190469,0.10482668
1496592000,0.10614399,0.10396911,0.10553885,0.10579999,22.65877851,215.16668308,0.10530802
1496606400,0.1073,0.1045,0.10545813,0.10562593,61.94429017,584.27318749,0.10601939
1496620800,0.1065,0.10342193,0.10562593,0.10499993,76.35225332,733.28732642,0.10412324
1496635200,0.1052724,0.10342193,0.10397841,0.10342298,59.17122519,570.86846209,0.10365124
1496649600,0.10499884,0.10342193,0.1034225,0.10357,48.88760346,471.60808303,0.1036615
1496664000,0.1049911,0.10346466,0.1037557,0.10422204,44.98907317,432.46158043,0.10403021
1496678400,0.10422185,0.1025,0.10422185,0.10309488,80.54241624,777.62035898,0.10357549
1496692800,0.10260001,0.093,0.10260001,0.09664557,147.17251128,1514.57970287,0.09717052
1496707200,0.09712136,0.08834125,0.09682844,0.09456399,201.07327444,2160.34947823,0.09307441
1496721600,0.09588782,0.09298024,0.09430643,0.09499998,39.34895234,417.30739971,0.09429248
1496736000,0.095,0.09002867,0.095,0.09155843,40.83306906,438.70301658,0.09307679
1496750400,0.0949912,0.08835299,0.09155843,0.0922697,64.06510445,701.2502043,0.09135841
1496764800,0.0929498,0.08990001,0.09219456,0.09061627,28.64165461,311.13083644,0.09205662
1496779200,0.09436,0.0899,0.09060687,0.09366034,100.62495962,1089.50266693,0.09235861
1496793600,0.09481673,0.09,0.09396794,0.0941258,68.38265019,736.64209898,0.09283022
1496808000,0.095678,0.09300017,0.0941529,0.094125,44.96081847,474.29280826,0.09479548
1496822400,0.09588783,0.09300004,0.09501711,0.09423076,52.26510218,553.78541072,0.09437789
1496836800,0.09694462,0.09310243,0.09423076,0.09684547,59.81440379,629.55412719,0.09501074
1496851200,0.09679996,0.0943628,0.09536201,0.09507645,25.06108617,264.42953321,0.09477415
1496865600,0.09607068,0.09200052,0.09507645,0.09305013,30.18209892,320.90907101,0.09405187
1496880000,0.09430198,0.0916,0.09310015,0.09235364,14.95486082,161.2956766,0.09271705
1496894400,0.09299972,0.09071206,0.09299972,0.09178286,26.11526402,286.09453793,0.09128193
1496908800,0.09438229,0.09107218,0.09178259,0.09425975,22.19233346,238.88883124,0.09289816
1496923200,0.09460979,0.093,0.09424984,0.09392781,40.85606998,435.05744566,0.09390959
1496937600,0.09500497,0.09300998,0.09449138,0.09301,18.02014003,191.38513017,0.09415642
1496952000,0.09423587,0.0925,0.09300998,0.0926,14.95551231,160.49172784,0.09318556
1496966400,0.09370358,0.09132012,0.09258686,0.092778,26.43539927,286.36916749,0.0923123
1496980800,0.09392462,0.09196258,0.09203631,0.09345882,18.38218111,197.86634188,0.09290201
1496995200,0.094,0.09110836,0.09345982,0.09192936,29.92309671,324.22870779,0.09229009
1497009600,0.09372447,0.0909,0.09192936,0.09221277,37.89607091,414.05513968,0.09152421
1497024000,0.09237795,0.09113688,0.09214896,0.092,11.86197018,129.17010594,0.09183216
1497038400,0.09250711,0.09113673,0.092,0.09241215,17.48630792,190.17651481,0.09194777
1497052800,0.0937098,0.0911,0.09167263,0.0913829,60.44012485,654.95875248,0.09228081
1497067200,0.0918,0.0909,0.0913829,0.0911,22.8249028,250.03522728,0.09128674
1497081600,0.09166053,0.08880007,0.09114275,0.09003662,38.52476514,428.05927083,0.08999867
1497096000,0.090423,0.086,0.09003662,0.08948733,35.62600862,404.83382175,0.08800156
1497110400,0.09151377,0.08620325,0.08948733,0.08850548,58.22226315,654.68610578,0.08893156
1497124800,0.092314,0.08700202,0.08850547,0.09065383,71.34320021,785.29379642,0.09084905
1497139200,0.0913633,0.0885,0.09065383,0.08923135,57.38919631,639.71074661,0.08971116
1497153600,0.09044878,0.0885,0.08923131,0.08894028,33.17183248,370.86371493,0.0894448
1497168000,0.09086497,0.08892311,0.0896518,0.09010888,32.9077096,367.03494921,0.08965824
1497182400,0.09092983,0.08921764,0.08921765,0.0895,20.28823153,225.27442707,0.09006007
1497196800,0.09251879,0.0895,0.0900527,0.09131125,59.87044442,659.9491787,0.09071978
1497211200,0.093,0.09092,0.09132352,0.0912,38.76921529,421.92590241,0.09188631
1497225600,0.09245539,0.08942,0.09120007,0.08977451,39.33917554,433.53626408,0.09074021
1497240000,0.09203099,0.08911079,0.09066186,0.09055441,48.20099662,534.62864393,0.0901579
1497254400,0.10069019,0.09013935,0.091253,0.09797023,305.7838755,3174.66110117,0.09632016
1497268800,0.1017146,0.09438099,0.098,0.09799966,120.48786159,1224.54113457,0.09839429
1497283200,0.0991,0.09502085,0.09799966,0.09564186,73.38287988,752.89644883,0.09746742
1497297600,0.10253064,0.09433409,0.09654319,0.10215049,99.8834423,1006.79791921,0.09920902
1497312000,0.1031,0.09927999,0.1024,0.10060636,94.53301433,933.80880233,0.1012338
1497326400,0.1024,0.09843016,0.10065207,0.09928004,70.03642899,696.75906278,0.10051742
1497340800,0.10133367,0.096,0.09928004,0.09866328,118.56516084,1212.03763567,0.097823
1497355200,0.10004454,0.09650005,0.09785403,0.1,44.04539514,446.28142912,0.09869421
1497369600,0.10089997,0.09781979,0.09959256,0.10012523,46.62738032,469.48479286,0.09931606
1497384000,0.1031,0.09910311,0.10019526,0.099875,69.36401501,686.78252423,0.10099851
1497398400,0.10005001,0.098,0.09986623,0.09925963,51.7865317,522.16009045,0.09917749
1497412800,0.10045,0.0970001,0.09999994,0.10045,36.59230448,371.92275621,0.09838683
1497427200,0.10106471,0.09810003,0.09983268,0.09913214,40.38405084,403.12118302,0.10017843
1497441600,0.09939624,0.096,0.09913214,0.09815684,60.54667219,622.99384568,0.09718662
1497456000,0.09898999,0.09630021,0.09815684,0.09793199,31.2841714,320.40137054,0.09764056
1497470400,0.10073191,0.09700016,0.097932,0.09965135,46.89549435,472.34616717,0.09928204
1497484800,0.101,0.09828009,0.09965135,0.100482,19.98195837,200.52678119,0.09964733
1497499200,0.10076018,0.0975313,0.10048169,0.0983841,47.57655519,478.95646832,0.09933377
1497513600,0.09912864,0.095682,0.0983841,0.095682,42.05832595,435.69020104,0.09653264
1497528000,0.096,0.093,0.09570667,0.0953,33.42199005,352.54511034,0.09480202
1497542400,0.09582354,0.09385834,0.09400016,0.09385834,35.94600876,381.79397338,0.09415027
1497556800,0.09697416,0.09385834,0.09385835,0.0969545,40.10404351,420.69983145,0.09532697
1497571200,0.1,0.09693621,0.09693621,0.09959999,36.47626445,368.69573926,0.09893324
1497585600,0.10014795,0.09890682,0.09959999,0.10000597,27.22345789,273.52206585,0.09952929
1497600000,0.10074301,0.09890682,0.10000775,0.09987521,23.78289989,238.84100333,0.09957628
1497614400,0.09987293,0.09792293,0.09890703,0.09798153,145.56178377,1483.32139463,0.09813232
1497628800,0.0988,0.09700001,0.09795204,0.09839982,19.06566321,194.19122283,0.09817984
1497643200,0.0988,0.09645653,0.09839981,0.0979,31.73768321,324.70835488,0.09774212
1497657600,0.097999,0.0964565,0.097999,0.09645662,19.67193393,203.17216705,0.09682396
1497672000,0.09875829,0.096,0.09645662,0.09718309,27.05078842,278.17636313,0.0972433
1497686400,0.09718312,0.09576406,0.09718312,0.0961284,17.89949009,186.1295496,0.09616683
1497700800,0.09744098,0.09576415,0.09612866,0.09708671,16.91315581,175.54942997,0.09634412
1497715200,0.09684521,0.09576408,0.09590716,0.09636914,46.3586202,482.91031095,0.0959984
1497729600,0.0965991,0.09564187,0.09656084,0.0957637,20.61562616,214.7422313,0.09600173
1497744000,0.09656409,0.09500387,0.09600397,0.09656218,19.52340701,204.03585536,0.09568615
1497758400,0.09733198,0.09550002,0.09656218,0.09659995,22.60816446,234.17793469,0.09654267
1497772800,0.0973,0.09608,0.09659995,0.0965,14.88394718,154.37769468,0.09641254
1497787200,0.09729997,0.09520001,0.0969999,0.09548489,17.34530781,180.70766845,0.09598545
1497801600,0.0968718,0.09520001,0.09520005,0.09520002,18.92625846,197.73769576,0.09571396
1497816000,0.09699868,0.09520002,0.0952001,0.09520064,30.89192715,323.3165915,0.09554699
1497830400,0.0973,0.09520004,0.09520062,0.0973,21.76754985,225.83000536,0.09638909
1497844800,0.0973,0.09520001,0.09725279,0.09520001,98.1512642,1029.63996984,0.09532581
1497859200,0.0965,0.09520001,0.09520001,0.09520223,64.69326897,678.49273495,0.0953485
1497873600,0.0972005,0.09520001,0.09520221,0.09636698,115.31572596,1201.32676076,0.0959903
1497888000,0.09670003,0.0954,0.09646298,0.09659977,35.71658877,371.74631832,0.09607785
1497902400,0.09659977,0.095,0.09659977,0.09597859,113.141391,1185.99551335,0.09539782
1497916800,0.09609998,0.09500001,0.09597863,0.09559978,32.53961205,341.02089325,0.09541823
1497931200,0.09611575,0.09500002,0.095788,0.09589999,23.24647164,243.35984156,0.09552303
1497945600,0.09629629,0.09472819,0.0959,0.095,42.98631298,450.00820376,0.09552339
1497960000,0.09538321,0.09270906,0.095,0.093,55.18797221,589.40352228,0.09363359
1497974400,0.096,0.08,0.09346768,0.08810009,256.41490674,2835.35296554,0.09043491
1497988800,0.0952,0.08706981,0.08810009,0.09028015,63.14565247,706.94312987,0.08932211
1498003200,0.09163362,0.089,0.09028015,0.08974,35.88485191,399.56556779,0.08980967
1498017600,0.09050075,0.08800001,0.08974112,0.0880001,18.84596712,210.81133176,0.08939731
1498032000,0.08980118,0.0881375,0.0881375,0.08831164,10.82599751,121.927964,0.08879011
1498046400,0.08924487,0.08753604,0.08831163,0.08831144,31.82207268,361.17878793,0.08810615
1498060800,0.08876522,0.08753593,0.08831147,0.08753593,105.03667581,1199.68887868,0.08755326
1498075200,0.08876521,0.08598808,0.08808661,0.08637786,49.70455452,569.24209333,0.08731707
1498089600,0.08750946,0.085,0.08637795,0.08500784,21.03459849,243.92550038,0.0862337
1498104000,0.08722076,0.08300002,0.08500784,0.08300012,39.51110829,465.68455416,0.08484521
1498118400,0.08403906,0.08296,0.08300011,0.08358962,72.02998635,866.89352697,0.08308977
1498132800,0.08460233,0.0830164,0.08358962,0.08460229,18.26593626,217.26840621,0.08407083
1498147200,0.08519679,0.08411929,0.08460229,0.08465,32.37948098,383.7588618,0.08437454
1498161600,0.08500848,0.0841164,0.08467784,0.08465997,32.71900296,388.24071694,0.08427504
1498176000,0.085,0.08305,0.08465998,0.0839107,19.82250852,235.6245096,0.08412753
1498190400,0.08541257,0.0835,0.08392,0.08541257,20.46428763,242.39766738,0.08442444
1498204800,0.08665431,0.08513324,0.08541257,0.08591501,16.4976685,191.8343553,0.08599955
1498219200,0.0865,0.08476381,0.08591501,0.08550001,11.23085507,131.09754448,0.08566792
1498233600,0.08569591,0.08452166,0.08477044,0.08500011,10.64436503,124.94398979,0.08519309
1498248000,0.08650001,0.08408831,0.08500019,0.08450028,26.57354785,310.26026332,0.08564921
1498262400,0.08599998,0.08420157,0.08549114,0.08549635,8.14741969,95.68094907,0.08515195
1498276800,0.08594584,0.08408125,0.08549635,0.08546292,38.47331982,452.01898713,0.08511438
1498291200,0.08578807,0.08461193,0.08546292,0.08461387,17.28949715,203.45190755,0.08498075
1498305600,0.0852,0.08408125,0.08461401,0.08450254,37.29242934,441.18918207,0.08452707
1498320000,0.0855,0.08408169,0.08519997,0.085,15.15124877,178.71916458,0.08477685
1498334400,0.08549998,0.08426405,0.085,0.08426405,12.94536277,152.5970621,0.08483363
1498348800,0.08549979,0.08359513,0.08488867,0.08401248,77.15422532,918.90093405,0.08396359
1498363200,0.08469235,0.08303,0.08463776,0.0835,6.30904789,75.50847031,0.08355417
1498377600,0.08389392,0.08234002,0.08349999,0.08329999,22.56270126,272.37120682,0.08283805
1498392000,0.08329989,0.08170955,0.08329989,0.0819,18.94059465,230.59573019,0.08213766
1498406400,0.08314805,0.08163975,0.0821774,0.08197783,54.30794161,664.06934899,0.08178052
1498420800,0.08257975,0.08164,0.08197783,0.08164002,77.78739956,952.10076798,0.0817008
1498435200,0.08245144,0.08164,0.08164001,0.08165,70.54545222,863.97055037,0.08165261
1498449600,0.082092,0.08164,0.08165,0.08164,54.11885847,662.39006735,0.0817024
1498464000,0.082092,0.08164,0.08164,0.0816545,70.93348861,868.58205619,0.08166584
1498478400,0.082092,0.08164,0.08209087,0.08164001,100.66427645,1232.75916519,0.08165769
1498492800,0.082092,0.077,0.08164001,0.077,99.84582816,1244.88132298,0.08020509
1498507200,0.079556,0.07364,0.07734999,0.07883614,64.43236756,844.59001661,0.07628833
1498521600,0.08010508,0.07600002,0.07955568,0.07616799,14.32791935,183.00218459,0.0782937
1498536000,0.07697331,0.07360005,0.07600003,0.07360005,30.28468402,399.49082956,0.0758082
1498550400,0.0759707,0.07360008,0.074,0.07446041,15.39403128,207.17687719,0.0743038
1498564800,0.07541669,0.0736,0.07403225,0.07506509,11.88131893,160.80968493,0.07388434
1498579200,0.07631742,0.07337763,0.0753185,0.07631742,28.93881658,387.63202385,0.07465538
1498593600,0.080095,0.0755001,0.07631742,0.08005,25.28335486,321.65817656,0.07860317
1498608000,0.08010592,0.077,0.08005,0.07899062,36.35683556,464.54419784,0.07826345
1498622400,0.08119316,0.07739335,0.07864985,0.081,27.54429121,345.44418193,0.07973586
1498636800,0.08450007,0.08004971,0.081,0.08264386,51.32632067,619.15231909,0.08289772
1498651200,0.0835,0.08100025,0.08264386,0.08349984,31.43385523,381.13869398,0.08247353
1498665600,0.084,0.082,0.08349984,0.08290001,18.21994251,219.40122478,0.08304394
1498680000,0.08530001,0.08249998,0.08290001,0.08487508,25.05676643,297.02162095,0.08436007
1498694400,0.08627207,0.0845,0.08450001,0.08594035,27.4693141,321.59715888,0.08541528
1498708800,0.08636546,0.08530002,0.0857686,0.08530002,9.72241938,113.30402795,0.08580824
1498723200,0.09272035,0.084155,0.0854,0.08675933,182.22375574,2087.98336371,0.0872726
1498737600,0.1002,0.0865001,0.08668,0.09678239,744.37565023,7774.63971501,0.09574407
1498752000,0.11242,0.095,0.0967824,0.107111,858.75052772,8152.6541029,0.10533386
1498766400,0.109,0.10049901,0.107111,0.10230001,341.57458003,3256.29460594,0.1048967
1498780800,0.1196,0.09911107,0.10230001,0.11562271,1055.42850822,9437.50921147,0.11183337
1498795200,0.16094199,0.11563,0.11563,0.14,4451.36318293,32073.93037032,0.13878446
1498809600,0.149,0.1303,0.13929747,0.14838999,1869.43606321,13172.43012612,0.14192036
1498824000,0.1485,0.12399,0.14841612,0.12920001,1469.43942243,10905.7026367,0.13474046
1498838400,0.137206,0.1252,0.12920001,0.1295284,730.94868385,5612.26025589,0.1302414
1498852800,0.1395,0.12670035,0.1295284,0.13640001,602.2647095,4508.80346294,0.13357528
1498867200,0.1395,0.1254,0.13641,0.12541294,470.93802544,3572.26465811,0.13183178
1498881600,0.13629998,0.1254,0.12599,0.12955532,534.26751375,4053.33557192,0.13180934
1498896000,0.13393921,0.128,0.12955002,0.1281,286.66301007,2204.0492751,0.13006197
1498910400,0.13189121,0.1269,0.12826194,0.13175,171.84556288,1331.0609023,0.1291042
1498924800,0.13416,0.1269,0.13175,0.12717585,264.39271985,2027.06718698,0.13043115
1498939200,0.1286,0.1254,0.12699255,0.12541163,184.44714593,1454.57340772,0.12680497
1498953600,0.1281445,0.1188,0.12541155,0.11951288,291.248864,2410.25419475,0.1208374
1498968000,0.12000001,0.1127,0.11924806,0.11841351,194.11301711,1662.82668049,0.11673677
1498982400,0.132,0.118,0.11841351,0.13112743,264.56319797,2116.17676465,0.12501942
1498996800,0.1321,0.1254,0.13112743,0.1296841,247.66690088,1916.4161848,0.1292344
1499011200,0.134,0.12656269,0.12946448,0.1299,259.98812059,2013.29641201,0.12913554
1499025600,0.13143076,0.12722778,0.13063192,0.12951934,114.76023798,892.58120578,0.1285712
1499040000,0.133,0.12722778,0.12951935,0.13259432,140.49862989,1078.17234049,0.13031184
1499054400,0.13821202,0.13132803,0.13199999,0.13369995,296.88652959,2203.69358743,0.13472223
1499068800,0.138957,0.13369995,0.1338,0.1375301,217.02729475,1592.46602164,0.13628378
1499083200,0.14346088,0.13355,0.1375301,0.13355,462.72796943,3356.55916549,0.13785783
1499097600,0.13499966,0.1295,0.13355,0.12999861,143.5005487,1087.46215979,0.13195911
1499112000,0.1319999,0.1295,0.12999873,0.13047922,95.0799494,728.83250905,0.13045514
1499126400,0.1329,0.1295,0.13047924,0.12994776,147.79960866,1137.60111635,0.12992217
1499140800,0.13098862,0.12872915,0.12970743,0.12872915,55.99754734,431.75106117,0.12969869
1499155200,0.13020398,0.1273889,0.12780324,0.129,156.29624088,1206.74757736,0.12951858
1499169600,0.12980338,0.1248,0.12897207,0.125104,188.37370249,1486.13783428,0.12675385
1499184000,0.12603821,0.124001,0.12511516,0.1240013,30.72395479,246.69034248,0.12454461
1499198400,0.12551724,0.12,0.12439836,0.12232977,99.23506368,806.77326256,0.12300241
1499212800,0.1230572,0.12,0.12130037,0.12239642,118.27558339,969.26263276,0.12202635
1499227200,0.1298374,0.12127829,0.12181898,0.12641849,175.81813679,1377.2970756,0.12765447
1499241600,0.1278,0.1241107,0.12725702,0.12543616,49.72703164,392.75431675,0.12661103
1499256000,0.12646125,0.1231,0.12551538,0.1231,69.05145315,556.15928328,0.12415769
1499270400,0.14174224,0.1231,0.1231,0.13300003,503.99321666,3787.60834448,0.1330637
1499284800,0.13469454,0.129784,0.13300003,0.13,249.0077412,1885.35475869,0.13207474
1499299200,0.13297885,0.129784,0.13006853,0.13282861,94.78748181,724.33064463,0.13086217
1499313600,0.13367455,0.1299,0.13264427,0.1299,171.34903797,1300.36118211,0.13177034
1499328000,0.13317612,0.1299,0.1299,0.13120301,44.87269327,340.84680465,0.13165062
1499342400,0.13491188,0.1309771,0.13120301,0.131,65.460807,496.02909861,0.13196969
1499356800,0.1311,0.12884975,0.1311,0.12885,113.95640951,877.64404946,0.12984353
1499371200,0.12903884,0.12705,0.12884701,0.12889162,37.35183849,292.48162423,0.12770661
1499385600,0.12889163,0.1262,0.12889163,0.1262,59.04694351,463.92516258,0.12727687
1499400000,0.12816302,0.12589156,0.12620002,0.1266502,71.73740361,567.48840138,0.1264121
1499414400,0.12789101,0.12545,0.12665023,0.1254512,48.94897614,388.0156426,0.12615206
1499428800,0.12667284,0.12231101,0.1254512,0.12276726,84.17257654,676.23785832,0.12447184
1499443200,0.1254,0.12231101,0.12348946,0.1223114,28.51935895,232.4015388,0.12271587
1499457600,0.12270759,0.11310066,0.12253018,0.11575243,174.66657474,1462.37743437,0.11944014
1499472000,0.1175106,0.10588866,0.11575247,0.11220001,101.45477998,914.56770502,0.11093195
1499486400,0.11692092,0.1122,0.11258472,0.11378548,44.19285148,386.94052374,0.11421096
1499500800,0.11460811,0.107,0.1146081,0.1093434,16.1050183,146.66645196,0.1098071
1499515200,0.12,0.10800421,0.10800423,0.11260013,49.57067777,440.74606995,0.11246992
1499529600,0.121,0.11249258,0.11322874,0.12025546,46.75933776,395.86819915,0.11811844
1499544000,0.12068119,0.11570084,0.12025546,0.11570242,15.11658317,127.68696183,0.11838783
1499558400,0.11852345,0.11517132,0.11734523,0.11613163,17.83389974,152.3305726,0.11707367
1499572800,0.11664572,0.11387187,0.11613571,0.11591603,42.27877701,367.38195178,0.11508125
1499587200,0.11591591,0.11344491,0.11533457,0.11449402,21.27877337,186.43003511,0.11413811
1499601600,0.11449403,0.11259309,0.11387826,0.11289996,15.55463082,137.06633993,0.11348249
1499616000,0.11340408,0.11110695,0.1125931,0.11223698,19.10946829,169.83984688,0.11251463
1499630400,0.11323727,0.11067759,0.11270224,0.11067759,11.19912249,100.8575008,0.11103906
1499644800,0.11189869,0.11067759,0.11126237,0.1106776,24.69117083,222.9030405,0.1107709
1499659200,0.11151753,0.11067759,0.1106776,0.11082,16.31941883,147.37194871,0.11073626
1499673600,0.11130541,0.11067759,0.11082,0.11085,15.00775186,135.39525596,0.110844
1499688000,0.11085003,0.10165326,0.11084999,0.10220135,123.69723395,1154.18048173,0.10717321
1499702400,0.10591999,0.1,0.10220135,0.10001003,75.01665412,735.69173624,0.1019675
1499716800,0.10001003,0.093,0.10001003,0.09659981,106.55121036,1094.28416328,0.09737069
1499731200,0.1000091,0.09581672,0.09680664,0.09738778,33.2722903,339.59300442,0.09797696
1499745600,0.09738778,0.08510001,0.0973874,0.08871306,57.72039202,640.94249665,0.09005549
1499760000,0.0936,0.08510097,0.08871343,0.09030741,17.95955569,202.5227784,0.08867918
1499774400,0.09769533,0.088,0.09119552,0.089446,70.81656558,770.7710348,0.09187756
1499788800,0.09155191,0.08600096,0.0891791,0.08727648,14.6498434,164.04279309,0.08930501
1499803200,0.09013661,0.0866,0.08693968,0.08854485,11.97374745,136.44434836,0.08775553
1499817600,0.09065808,0.084,0.08827672,0.08496503,67.86145159,791.45635052,0.0857425
1499832000,0.09,0.08413297,0.08491457,0.08999999,90.29412858,1039.96843063,0.08682391
1499846400,0.0928,0.08978019,0.09,0.09110491,32.82898936,359.56798878,0.0913012
1499860800,0.09151586,0.08830533,0.09099984,0.08945039,30.53398982,340.14929317,0.08976643
1499875200,0.09249995,0.08755692,0.08945039,0.0910801,67.84583285,742.78964162,0.09133922
1499889600,0.09279999,0.09107999,0.09194916,0.09279999,23.80068273,258.41275757,0.09210335
1499904000,0.09279999,0.09075652,0.0927234,0.09202717,49.94388285,546.44837365,0.09139725
1499918400,0.09202006,0.08831995,0.09117801,0.08831995,38.7106543,427.22562098,0.09060939
1499932800,0.09042621,0.08677434,0.08899921,0.09018026,58.15313965,658.47702914,0.0883146
1499947200,0.09103361,0.09018026,0.09018026,0.09018026,19.45224006,215.40984736,0.09030339
1499961600,0.0914,0.0885,0.09018026,0.0885378,21.99820624,243.89475023,0.09019548
1499976000,0.08940482,0.086,0.0885378,0.08677433,13.75999852,157.73912828,0.08723262
1499990400,0.08779302,0.083,0.08677433,0.08354651,24.02646824,281.10096325,0.08547273
1500004800,0.08399999,0.0824,0.08354652,0.08399971,10.2293439,122.56821959,0.08345837
1500019200,0.0840001,0.08236668,0.08399972,0.0825,11.35807239,136.3509866,0.08330025
1500033600,0.08395787,0.08000142,0.08236668,0.08199998,21.81039222,266.54700441,0.08182568
1500048000,0.08233949,0.08000011,0.08233944,0.08107238,18.07466698,222.42887981,0.08126043
1500062400,0.0823395,0.08103301,0.08168486,0.08156713,10.81713573,132.18076631,0.08183592
1500076800,0.08156713,0.07991543,0.08156713,0.07991544,31.08681159,386.11460465,0.08051187
1500091200,0.08137304,0.0769,0.07991546,0.0807334,28.9453234,364.91522384,0.07932067
1500105600,0.0814007,0.08030009,0.08073339,0.08040028,28.88841072,358.71272221,0.08053355
1500120000,0.08140801,0.08026949,0.08040029,0.08132775,29.7304909,368.497934,0.08068021
1500134400,0.08168978,0.08026949,0.08132779,0.0814212,12.6961865,156.91993703,0.08090868
1500148800,0.08236373,0.08050631,0.08142121,0.08236348,8.87564168,108.58482863,0.08173924
1500163200,0.0848,0.08184216,0.0823635,0.08184901,27.87464378,334.08811633,0.083435
1500177600,0.08479614,0.08026949,0.08185038,0.08369718,27.86906872,340.69097171,0.0818016
1500192000,0.089,0.08008707,0.08369718,0.08008717,122.70767137,1443.7622188,0.0849916
1500206400,0.083224,0.074,0.08105066,0.0757,83.2410651,1071.26824343,0.07770328
1500220800,0.07974091,0.0757,0.07630138,0.07788124,20.07367468,259.38170625,0.07739047
1500235200,0.08209063,0.0773001,0.07788144,0.08170929,37.67082735,478.45488536,0.07873433
1500249600,0.08473652,0.08170929,0.08197651,0.08356436,9.64553223,115.83235435,0.08327148
1500264000,0.08899301,0.08333438,0.08389476,0.08578017,29.82921829,345.23554633,0.08640251
1500278400,0.08730338,0.0833335,0.08596666,0.0833335,23.00130886,266.20888103,0.08640323
1500292800,0.0833335,0.0804,0.0833335,0.08149999,22.23228942,272.92825253,0.08145836
1500307200,0.0815,0.08040145,0.08129999,0.0812345,17.66983062,217.48410344,0.08124653
1500321600,0.08318594,0.08049,0.08058462,0.0827706,9.27982286,113.56599104,0.08171304
1500336000,0.08393386,0.08060002,0.08318594,0.08165865,14.13041613,170.64021384,0.08280824
1500350400,0.08225787,0.07966351,0.08178478,0.07988725,22.36058464,279.07377021,0.08012427
1500364800,0.07988726,0.07956667,0.07988726,0.0797898,39.40360982,493.70995768,0.07981125
1500379200,0.08188584,0.07950795,0.0797898,0.08188584,51.9289936,644.74360607,0.08054208
1500393600,0.08610474,0.08130571,0.08131263,0.08179961,33.29556032,400.25690917,0.08318547
1500408000,0.088,0.08131807,0.08176667,0.08566704,44.14632044,518.6572336,0.08511656
1500422400,0.086,0.08362427,0.08566704,0.08420001,13.42154233,159.49160581,0.08415202
1500436800,0.08867642,0.08362427,0.08420001,0.08867637,20.30685452,235.70829632,0.08615248
1500451200,0.08913386,0.087,0.08850772,0.08799924,20.06090571,226.59935774,0.08853028
1500465600,0.1,0.08799932,0.08799932,0.09576976,398.29636167,4156.07308314,0.09583478
1500480000,0.09753727,0.09141267,0.09672485,0.09141267,90.35112245,949.29388517,0.09517718
1500494400,0.0929483,0.08815648,0.09196665,0.08916385,66.32110801,736.5277151,0.09004563
1500508800,0.09499971,0.08822411,0.08883743,0.09252343,37.76095736,408.33357551,0.09247575
1500523200,0.0940285,0.0892,0.09255516,0.08920267,28.12607894,306.64099778,0.09172315
1500537600,0.09043613,0.08528881,0.08920039,0.08580795,48.45630141,553.8991734,0.08748216
1500552000,0.08765575,0.08171428,0.08580795,0.085205,62.66593246,736.27838855,0.08511173
1500566400,0.08666864,0.085205,0.085205,0.08625118,12.31340302,143.59811205,0.08574905
1500580800,0.08625118,0.07727254,0.08625118,0.07990613,43.28049155,528.36458199,0.08191406
1500595200,0.08386561,0.07903835,0.07956481,0.08375119,25.92448218,317.42298963,0.08167172
1500609600,0.08439124,0.08105089,0.08300364,0.08362031,15.67431214,190.41343147,0.08231726
1500624000,0.08417018,0.08023345,0.08362041,0.0824,32.19581718,390.20785641,0.0825094
1500638400,0.086466,0.0823,0.0824,0.08549656,38.02191149,449.57392082,0.08457321
1500652800,0.086466,0.0835003,0.0861828,0.08368143,26.53013058,311.46434146,0.0851787
1500667200,0.08482728,0.08213851,0.08432142,0.08282182,11.5284773,138.67655882,0.08313212
1500681600,0.08479998,0.08282359,0.08360219,0.08364792,8.75628312,104.30275378,0.08395064
1500696000,0.08502433,0.08220515,0.08364792,0.08259986,15.72366513,188.13861282,0.08357489
1500710400,0.08265923,0.07825256,0.08259986,0.07930019,22.93174476,286.30011912,0.08009687
1500724800,0.08479984,0.08000002,0.08066943,0.0826719,27.89994332,337.82398588,0.08258721
1500739200,0.08459997,0.07999856,0.08267228,0.08109992,27.80890416,338.27443964,0.08220811
1500753600,0.08403626,0.08085385,0.08109992,0.08296,10.46561003,126.77771958,0.08255086
1500768000,0.0843,0.08156688,0.08292425,0.08399949,12.57317548,152.37239825,0.08251609
1500782400,0.08405,0.08295383,0.08399945,0.08321,3.80611314,45.66366769,0.08335101
1500796800,0.0843,0.08265001,0.08321,0.0843,6.2319237,74.88565912,0.08321918
1500811200,0.08499997,0.0823,0.08430932,0.0824607,17.63817797,211.86559088,0.08325173
1500825600,0.083,0.0799,0.08295443,0.083,12.88862828,157.31971678,0.08192633
1500840000,0.08527023,0.08242406,0.08290726,0.08435556,22.49621496,266.41083624,0.08444181
1500854400,0.08523093,0.08220119,0.0841855,0.08245989,11.64435171,140.16565472,0.08307564
1500868800,0.08319047,0.082,0.08262565,0.08209175,7.62507671,92.5842295,0.08235826
1500883200,0.08312565,0.08076666,0.08209174,0.0817,8.75961774,107.24690761,0.08167711
1500897600,0.08278119,0.08059645,0.08164,0.08278119,9.0210026,110.17500847,0.08187884
1500912000,0.0831,0.08053873,0.08278123,0.081,14.51570864,176.96055448,0.08202793
1500926400,0.08168024,0.08075009,0.08168022,0.08075009,7.29896639,89.77469863,0.08130315
1500940800,0.0812759,0.08,0.08075009,0.08001008,26.71678777,331.79277824,0.08052251
1500955200,0.0804919,0.07700856,0.08049189,0.07768144,17.00709435,214.63196486,0.0792384
1500969600,0.07979713,0.07768147,0.07768147,0.07845465,14.35832974,183.0167499,0.07845363
1500984000,0.07974432,0.07715007,0.078,0.07902884,19.82282278,252.81367763,0.07840882
1500998400,0.07949689,0.07763883,0.07902883,0.07814128,7.1975522,91.46307894,0.07869352
1501012800,0.07963306,0.07520001,0.07935736,0.07943999,32.05209017,411.50179165,0.07789052
1501027200,0.08013966,0.0778,0.0789,0.07780001,20.98985587,268.0687365,0.07830027
1501041600,0.07874257,0.07671993,0.07780001,0.07758499,15.30764321,197.14223563,0.07764771
1501056000,0.077585,0.07580002,0.07758499,0.0767654,14.30978327,186.22565889,0.07684109
1501070400,0.07816533,0.07529008,0.07582397,0.0778,31.87156696,416.22412089,0.07657308
1501084800,0.07892494,0.0775,0.07753333,0.07771462,6.94074493,89.2138253,0.07779898
1501099200,0.07926709,0.07771461,0.07771461,0.07910538,4.38023469,55.71186543,0.07862301
1501113600,0.08013965,0.07760011,0.07831053,0.0776008,20.57319884,261.1349292,0.07878378
1501128000,0.0793302,0.07760011,0.07817235,0.07829866,14.32018046,183.79262218,0.07791488
1501142400,0.07872249,0.07760011,0.07802109,0.0777152,13.34085055,171.49605579,0.077791
1501156800,0.08015357,0.07760035,0.0777152,0.07878075,13.70103403,175.47748615,0.07807858
1501171200,0.07938853,0.07760011,0.07874,0.07760374,9.8118562,124.7573104,0.07864754
1501185600,0.07841891,0.07510581,0.07760449,0.07585749,43.02475807,555.45117732,0.07745911
1501200000,0.09069999,0.07511407,0.07586854,0.08920001,151.06405097,1846.30644197,0.08181959
1501214400,0.0908,0.08,0.09028109,0.08019935,93.95920587,1090.19361122,0.08618579
1501228800,0.08472924,0.0756,0.08019935,0.07583333,89.20002427,1091.82039993,0.08169844
1501243200,0.08010039,0.07411401,0.0757999,0.07468524,84.22177708,1089.69017978,0.07728965
1501257600,0.07657767,0.07305284,0.07470018,0.07373229,24.39482271,328.35973935,0.07429297
1501272000,0.0737323,0.07,0.0737323,0.07043272,7.53697789,105.32213949,0.07156119
1501286400,0.07228539,0.06955177,0.07039688,0.07178609,14.28878503,202.65923487,0.07050645
1501300800,0.073034,0.07000038,0.07245539,0.07119194,10.84967792,150.62414209,0.07203146
1501315200,0.07216338,0.06955178,0.07162203,0.07129313,6.53995424,93.31761289,0.07008274
1501329600,0.07220005,0.07067156,0.07129313,0.07117705,6.23393235,86.69520027,0.07190631
1501344000,0.07220005,0.06955203,0.0713998,0.07159288,10.74456639,150.37915966,0.07144983
1501358400,0.07220005,0.06955328,0.07147786,0.07141535,38.70747004,541.67742283,0.07145852
1501372800,0.07220005,0.07091656,0.07141535,0.07203677,7.47081633,104.17683348,0.07171283
1501387200,0.07355455,0.07130107,0.07204977,0.07218794,22.82360415,314.7494836,0.07251355
1501401600,0.07485442,0.07091845,0.07259099,0.07484525,9.02089704,124.78110738,0.07229377
1501416000,0.0748536,0.06960001,0.07367095,0.07099991,8.98989971,125.18861689,0.07181083
1501430400,0.07099991,0.0696,0.07099991,0.06960003,4.34217316,61.80035333,0.07026129
1501444800,0.07099991,0.06640002,0.07054205,0.0671505,11.19922672,165.30943574,0.06774705
1501459200,0.06932281,0.06670203,0.06734228,0.06798256,1.53464178,22.61075624,0.0678722
1501473600,0.06932275,0.06717704,0.06798255,0.06717704,2.72714137,40.13023859,0.06795726
1501488000,0.07162344,0.06527102,0.06714984,0.06781313,9.09936671,133.88982521,0.06796159
1501502400,0.06852789,0.06400007,0.06852789,0.06544405,12.71650766,195.54007266,0.06503274
1501516800,0.06823646,0.06400038,0.06544399,0.06727027,13.45949331,202.9332651,0.06632472
1501531200,0.07218655,0.065,0.06574261,0.06746391,34.23656272,488.06197169,0.07014798
1501545600,0.06886299,0.06728487,0.06746477,0.0680005,8.81195215,129.66172486,0.06796109
1501560000,0.075,0.06800046,0.06800046,0.07086681,12.48527671,173.42403763,0.07199276
1501574400,0.07618249,0.07,0.07086681,0.07,31.66326038,431.85141216,0.0733198
1501588800,0.07742568,0.06912971,0.06999992,0.073897,36.52563218,494.17590324,0.0739122
1501603200,0.07464523,0.07217971,0.07412915,0.07291845,7.98228284,108.16311257,0.07379856
1501617600,0.07583953,0.07229346,0.07344388,0.07400042,5.61362127,75.99048901,0.07387268
1501632000,0.07516558,0.07400264,0.07400264,0.07412044,4.87297518,65.46046571,0.07444149
1501646400,0.07496071,0.06969572,0.07412043,0.07349992,17.88894549,247.63259665,0.07223986
1501660800,0.08015419,0.07000128,0.0733314,0.07289116,71.377433,949.81902732,0.07514845
1501675200,0.07710246,0.0721549,0.07266717,0.07700001,34.68598128,464.12634392,0.07473392
1501689600,0.07712,0.074,0.07700001,0.074,10.93139547,144.59874217,0.07559813
1501704000,0.07439988,0.0724,0.074,0.07321664,1.28388857,17.56141669,0.07310848
1501718400,0.0732165,0.0716978,0.0732165,0.0716978,15.21440903,211.53846773,0.07192265
1501732800,0.0716978,0.07055188,0.0716978,0.07096736,6.90390897,97.02291214,0.07115751
1501747200,0.07237235,0.07034868,0.07096736,0.07164869,14.71603669,207.01283711,0.07108755
1501761600,0.07298344,0.07121069,0.07164869,0.07200519,5.7736225,80.42189465,0.07179167
1501776000,0.0728,0.07100003,0.07200519,0.07185444,10.47130577,145.67227632,0.07188262
1501790400,0.07202036,0.07018568,0.07100281,0.07111992,9.17750525,129.03282716,0.07112535
1501804800,0.07151205,0.07000564,0.07101198,0.07032211,5.98813639,84.45409734,0.07090403
1501819200,0.07201119,0.07000532,0.07088382,0.07049125,11.63190425,162.84046321,0.07143128
1501833600,0.07189982,0.06921552,0.0710988,0.06937232,10.10074152,143.68569228,0.07029747
1501848000,0.07062013,0.06831105,0.06940052,0.06884481,9.18960154,132.35698182,0.06943042
1501862400,0.0701468,0.06850746,0.06880016,0.06963297,3.96583212,57.31189169,0.06919736
1501876800,0.07036932,0.06831105,0.06963296,0.06988626,6.42802444,93.25766746,0.06892757
1501891200,0.07012959,0.065,0.06988587,0.06566413,26.99555271,399.78621536,0.06752497
1501905600,0.06704961,0.0639,0.06578483,0.06622947,19.01254249,292.80310096,0.06493285
1501920000,0.06705157,0.06305372,0.06480956,0.06490821,16.27893945,251.35788553,0.06476398
1501934400,0.06559891,0.06345257,0.0649,0.06416411,17.66977206,275.93084891,0.06403695
1501948800,0.06533274,0.06208457,0.06416412,0.06333704,16.61813412,262.80762013,0.06323307
1501963200,0.06404937,0.06250502,0.06333885,0.06378383,5.13166299,80.94200904,0.06339925
1501977600,0.06479444,0.06327469,0.06378383,0.06467333,11.4192632,179.1396133,0.06374504
1501992000,0.06466659,0.063,0.06420554,0.06383584,8.20612427,128.84958146,0.06368762
1502006400,0.06537098,0.06330001,0.06383422,0.0645546,7.08438939,110.07752305,0.06435818
1502020800,0.0660832,0.06436943,0.06517822,0.06608315,14.09537944,214.73109864,0.065642
1502035200,0.0660832,0.06420014,0.06608316,0.06573343,7.82945206,119.57755503,0.06547593
1502049600,0.06630113,0.06420007,0.06571908,0.06476813,12.9638697,197.93212558,0.06549654
1502064000,0.06739999,0.06371723,0.06477081,0.06460044,16.02613288,246.02449671,0.06514039
1502078400,0.06462907,0.06281297,0.0636975,0.06294065,8.61584122,135.52230213,0.06357508
1502092800,0.06294065,0.06000006,0.06294065,0.06089748,14.9223654,242.7682725,0.06146752
1502107200,0.06140944,0.06,0.06089803,0.06048955,26.91655453,446.08804133,0.0603391
1502121600,0.06199414,0.05974119,0.0604834,0.05999997,19.78356136,329.25532289,0.06008577
1502136000,0.06145498,0.05974095,0.05999997,0.06057389,5.34750116,88.97586441,0.06010058
1502150400,0.06061619,0.05921145,0.05980191,0.05934501,7.74977358,129.73691932,0.05973452
1502164800,0.06051435,0.05890146,0.059345,0.0605143,15.34562893,257.9103464,0.05949985
1502179200,0.061,0.0592,0.05961,0.06024752,18.56639164,309.46099696,0.0599959
1502193600,0.0641389,0.06027679,0.06099996,0.06300411,22.76774564,367.19730339,0.06200411
1502208000,0.06379494,0.06100012,0.06275,0.06241445,7.14071679,115.0050361,0.06209047
1502222400,0.06241449,0.060016,0.06241449,0.061,8.61711334,140.49820481,0.06133255
1502236800,0.06413818,0.06020001,0.061,0.06260001,18.87169873,302.37351823,0.06241187
1502251200,0.06852042,0.06244818,0.06316775,0.06759111,34.02760056,518.96791281,0.06556783
1502265600,0.06822542,0.06565059,0.06759111,0.06822478,14.74446226,218.91459977,0.06735257
1502280000,0.06799997,0.06427956,0.06732334,0.06496684,24.82917911,376.18937153,0.0660018
1502294400,0.06629944,0.06459,0.06496741,0.06592147,9.07331946,138.97175839,0.06528894
1502308800,0.06665586,0.06454241,0.06592147,0.0646759,13.24414187,201.18684702,0.06583005
1502323200,0.06555238,0.06282439,0.06555237,0.06364518,4.77469176,74.51520309,0.06407674
1502337600,0.06439836,0.06177013,0.06364518,0.06354288,13.41155221,212.57391426,0.06309124
1502352000,0.06428902,0.06100008,0.06325771,0.0628232,7.92032437,126.26697779,0.0627268
1502366400,0.06419651,0.06124145,0.06306762,0.06268016,11.32534584,181.52121069,0.0623913
1502380800,0.06296661,0.06124153,0.06265695,0.06160001,10.2651345,165.87797039,0.06188365
